action_id,post_id,action,action_time
52b071af-133c-4b88-aa3d-c8ce98d8e5ad,101,retweet,2024-08-24 09:50:00
49489029-10fd-4509-a5f6-8857ee46eb90,101,like,2024-08-24 09:27:00
49489029-10fd-4509-a5f6-8857ee46eb91,102,like,2024-08-24 09:28:00
c0f3d42a-0012-48c3-b72c-a555b556231c,103,share,2024-08-24 14:13:00
c0f3d42a-0012-48c3-b72c-a555b556231d,103,like,2024-08-24 14:14:00
f5b21899-056e-481b-97e3-c9bb8b6c801c,106,dislike,2024-08-24 14:33:00
df735d9a-73a8-4f43-bd90-0519fcaa7d78,106,dislike,2024-08-24 13:54:00
4af845fd-0e0a-4123-8ad0-a9b216923e7e,108,retweet,2024-08-24 15:35:00
2ce1dc74-9ede-4329-a1f7-daad7703cdea,108,share,2024-08-24 15:20:00
02db16ac-5901-4762-a606-9567db9a3855,108,share,2024-08-24 16:10:00
02db16ac-5901-4762-a606-9567db9a3856,109,like,2024-08-24 16:11:00
1b687f97-3c07-4391-820f-fe1cfb09cfef,110,dislike,2024-08-24 12:13:00
9564ca40-a08b-4691-8525-6ce3dfa01d72,110,dislike,2024-08-24 11:48:00
7c44ddf0-0d3b-45f3-b66b-ed81391f3224,110,like,2024-08-24 11:54:00
8b42c0b8-f90c-4ad7-bb2b-d550c2e39832,110,share,2024-08-24 11:57:00
3231339a-e7c2-406e-99a6-a0d41509e57e,110,retweet,2024-08-24 12:20:00
59dd9e19-e1d1-4484-9f13-39e0766d9a79,112,like,2024-08-24 15:27:00
5d61bbcc-5555-414b-9a6c-c5325c44da54,112,share,2024-08-24 15:23:00
8fd35706-4b06-4ef0-8c36-d5d3dfac9544,112,retweet,2024-08-24 15:27:00
052e3857-0f73-44b0-b422-00410e055bba,112,dislike,2024-08-24 15:50:00
1fb3d642-a7bd-40b1-9470-da1b6ce5388c,112,like,2024-08-24 15:07:00
1fb3d642-a7bd-40b1-9470-da1b6ce5388d,113,like,2024-08-24 15:08:00
bcdabe33-d756-498d-97ba-6a5c1c5b6dab,114,dislike,2024-08-24 12:18:00
141f7203-fe06-4cad-b336-16a18d193468,114,retweet,2024-08-24 12:45:00
d02b97e6-0e75-491b-9438-0e26d846d771,114,share,2024-08-24 12:42:00
057a46f9-78a3-4218-ad36-f03bba363cba,114,share,2024-08-24 13:10:00
116aedb5-294b-4611-9a0f-cfc46c0dd3d0,116,dislike,2024-08-24 14:59:00
0a1cfb12-ee6a-4c8d-b8b8-dccca3f6061e,116,dislike,2024-08-24 15:02:00
71fa09f0-331c-4e85-97cb-453c3bfd3cf3,116,share,2024-08-24 14:33:00
b39d9c05-e7f8-42aa-940d-5b7883e6d0e0,116,retweet,2024-08-24 14:26:00
282b62b2-03ff-49cc-ac0a-4de160129bb9,116,like,2024-08-24 14:17:00
ba99dfef-9a3d-4828-8ca7-fa90e6c96ab3,118,dislike,2024-08-24 17:04:00
a0da0018-9bec-4993-b757-574ce208562e,118,like,2024-08-24 17:07:00
f685de89-a0bc-4bca-b8cc-44b7bc1bdb69,120,share,2024-08-24 12:54:00
dd4a3bd7-983f-4dca-9dd8-2d2f2b54a708,120,like,2024-08-24 13:13:00
c4183f11-365c-4450-9913-ad922bac7c32,120,like,2024-08-24 13:29:00
83cebc32-f814-4548-8b72-f6a28b1acd44,120,retweet,2024-08-24 13:25:00
c2e49cf3-d946-4b76-9b11-fd39cfe9e27d,122,like,2024-08-24 13:17:00
862d31b0-66d0-43d2-8e2c-1b7541c6800a,124,share,2024-08-24 11:23:00
bc7faaa0-6248-4275-92fb-9224e0c5c066,124,dislike,2024-08-24 12:04:00
5f621335-4fc0-41b3-8e36-e62426c710b3,124,retweet,2024-08-24 11:14:00
85098eae-0758-411a-b674-c06bfbdede1f,124,share,2024-08-24 11:53:00
50c2208c-6bb6-4f07-88f3-e1623f1f55d7,127,like,2024-08-24 14:50:00
1938f4f0-ad0a-4489-aaa9-29a4a625bd24,127,retweet,2024-08-24 15:17:00
92b50609-e2ae-4cae-8fa9-8cb27acdfefd,127,like,2024-08-24 15:11:00
6d1e1185-f309-4b24-89c0-17d94a7fb74c,127,share,2024-08-24 15:17:00
3925c96c-214a-4873-87c0-955285dabc08,127,share,2024-08-24 14:50:00
f0568ef1-38cf-4e9b-829e-9b1cdc336c73,129,dislike,2024-08-24 10:33:00
c6df253e-fbac-435d-a90d-376d5f902085,131,like,2024-08-24 12:20:00
18316083-7790-48d7-a99d-a0509fb008b0,131,like,2024-08-24 12:00:00
b35c4bb1-3c23-40fe-bdf9-1a3cdfd5c450,131,dislike,2024-08-24 12:04:00
31d241fd-edf4-4ab0-b001-529ec261601d,133,share,2024-08-24 16:56:00
ee60f549-72d6-44ea-af08-ca5eefe0bc81,133,dislike,2024-08-24 16:39:00
5af18fbb-931c-43ae-8786-e2c32a9fb748,133,share,2024-08-24 16:04:00
ab489661-a60c-47f4-b80d-81f5cf4e9e60,133,share,2024-08-24 16:26:00
177a4a5f-fa48-4cdf-b393-72c482637c7e,133,share,2024-08-24 16:52:00
0309a2d9-5008-4de3-a814-b561beb8d52d,135,share,2024-08-24 14:46:00
7ae52fe6-903f-4235-856a-d785b39dfe24,137,retweet,2024-08-24 13:03:00
16744380-7c22-4d22-b7f1-f57e89eb1355,139,retweet,2024-08-24 12:15:00
bb0cf040-f68d-424b-8edb-cf3b2c7a7f44,141,share,2024-08-24 14:41:00
af767dc8-95b3-43b5-86d7-17860823ca6c,141,retweet,2024-08-24 14:48:00
00cda66b-0c32-4ad5-95c5-57d0217bd5b2,143,like,2024-08-24 13:19:00
563fa079-edfc-40db-ba5e-f228247c1dcf,143,retweet,2024-08-24 13:49:00
2395b18c-69dd-4929-9d98-0f5223705d58,145,dislike,2024-08-24 16:46:00
416d7fc4-0338-4556-bf87-ff98754ffeb5,147,dislike,2024-08-24 13:09:00
12848ece-b903-40cd-bb71-9ad0b6d68d2b,149,retweet,2024-08-24 13:37:00
6c2c185d-7847-4a55-91b4-9c50967e134d,149,share,2024-08-24 13:44:00
e8007512-7059-46f0-9c42-4b5f26c7a8b6,151,share,2024-08-24 16:25:00
7196e47c-09a9-4f8a-a7db-df5ee9ac273b,153,share,2024-08-25 09:55:00
21b76837-6ace-4ba2-a7fb-cb61853248b9,153,dislike,2024-08-25 10:21:00
66676664-01ad-4ef9-bb18-fc165e65bb72,153,like,2024-08-25 10:02:00
a07292ea-3726-4596-a58c-0e3c001ff4b3,153,dislike,2024-08-25 10:30:00
cdc0e2ae-9338-4a24-b87e-3fff872be369,153,dislike,2024-08-25 09:58:00
c29fc855-c849-4cef-8d98-1bf307fc739e,155,dislike,2024-08-25 12:02:00
0ee518bf-6266-4f31-b582-5e4d5ffb3008,155,dislike,2024-08-25 11:48:00
6222a2eb-d39c-4adc-8594-b51f9c5e8fae,155,like,2024-08-25 11:23:00
916e8112-a1ff-4514-85d2-8493fa109692,157,like,2024-08-25 12:59:00
7acfae54-1d5a-471d-8c67-f462b0375708,157,like,2024-08-25 13:02:00
df0a822f-13f2-48f4-bd4d-cfc58526085b,157,like,2024-08-25 12:44:00
7aa7efd5-591b-4226-81bc-f0663a71d43d,157,dislike,2024-08-25 12:29:00
d2599fa1-218c-4505-a5ec-3ba72727f181,157,dislike,2024-08-25 13:04:00
895a9a18-1fd5-4838-8a26-da30c966c77d,159,retweet,2024-08-25 09:50:00
a2387b7f-6caa-4a96-aaee-437c6d15adbf,159,dislike,2024-08-25 10:35:00
804a7afc-2958-443e-85c5-747c7921f6f6,159,like,2024-08-25 10:19:00
931838cb-36be-4458-b468-d1134ee2ed46,159,share,2024-08-25 10:09:00
7d0b1a7e-b202-49ae-88b5-eb9685ec4b22,161,share,2024-08-25 15:17:00
951afa20-d497-4759-b563-0390fd94cdf5,161,like,2024-08-25 15:44:00
f0efda25-58e1-4a12-8adb-64cc87644714,163,like,2024-08-25 14:47:00
fa165a5c-b46d-446b-9612-6143262658fc,163,dislike,2024-08-25 14:58:00
9c4941d7-b16b-49b7-a76c-344f64c5c976,163,dislike,2024-08-25 15:20:00
98ad1dec-e444-43b7-b97d-50f766b50fd3,163,share,2024-08-25 15:13:00
2fa63c13-3536-4c77-b2e7-75d8989bafe4,163,like,2024-08-25 14:54:00
f6ebeaba-3028-4d7e-8a93-76e79489e974,165,dislike,2024-08-25 09:40:00
a8428797-0366-4ebe-a42f-b226f2829d7c,165,retweet,2024-08-25 09:30:00
b3d78605-8fb8-4fd0-8b77-9ef5f35496f9,165,share,2024-08-25 10:16:00
04a7789a-74b7-4e85-b983-50942f77a7f7,165,dislike,2024-08-25 09:29:00
bc89ec9d-aa70-483a-a6e5-2a6a0f7eec3a,165,like,2024-08-25 09:39:00
6cf66666-ac96-453e-ab3e-28578f0d24bd,167,like,2024-08-25 11:28:00
efd03a47-9754-4162-8640-890d6d1586d5,167,dislike,2024-08-25 10:55:00
ec9f32bb-799c-4ffe-9871-08973d4ad0aa,167,retweet,2024-08-25 11:37:00
36b07ff3-6ca8-43b7-86b6-fc3123c7619d,169,retweet,2024-08-25 16:20:00
8da2d857-1141-4cf6-876c-64d4c27b551a,169,retweet,2024-08-25 16:21:00
3a4bfec4-ddc4-4922-aedb-6d0bf95c5116,169,like,2024-08-25 15:48:00
899ee96f-976a-4910-8f8c-1f808549c498,169,like,2024-08-25 15:59:00
ba5685c1-e45f-43f3-b111-786e8bfdd119,169,dislike,2024-08-25 15:59:00
cf842435-69e6-43c0-9cad-8bcb832b36e6,171,dislike,2024-08-25 11:48:00
8e28f581-4afe-4dfc-8091-f2bea5084bb3,173,like,2024-08-25 15:03:00
0c57b8b4-b20a-4865-b59b-19bf47f87b7c,173,like,2024-08-25 14:46:00
85c056d1-b5be-4b4b-baa9-e7a228cd5986,175,like,2024-08-25 11:57:00
4feccd58-d04c-4c6c-a151-43fd1c8b4bf6,175,dislike,2024-08-25 12:31:00
78c87406-acb3-487f-8dcf-b5b70f98f83e,175,like,2024-08-25 12:03:00
989779c8-c62e-4e4f-8d7a-a8ebd5943bc9,175,dislike,2024-08-25 12:45:00
70fa18f8-1b76-40a2-b004-63092c894c3a,175,share,2024-08-25 12:25:00
79cfcc7f-f7b9-4e16-9f2b-f6fdd62054f5,177,dislike,2024-08-25 13:13:00
464a09ad-3a5c-4b62-bf8e-3603e55edd87,177,retweet,2024-08-25 13:42:00
b42f3d18-e839-49ab-b242-13187a79d2bc,177,dislike,2024-08-25 14:04:00
b91780e1-b946-4652-8219-c67b5b6e0a7a,179,share,2024-08-25 16:00:00
c181bdd9-4de4-4752-bdc0-52a8cdf67f17,179,like,2024-08-25 15:16:00
98de4602-87b8-482c-bff7-aa5bf4486de3,179,dislike,2024-08-25 15:07:00
5b28eeda-109a-42bb-946e-934394d18b38,181,like,2024-08-25 10:56:00
c7ca1a5a-4d2e-4c0d-997d-a5dcf4fd121b,181,retweet,2024-08-25 11:03:00
18178a48-5d77-4383-903f-b03e0e802154,183,like,2024-08-25 13:37:00
7e93c475-c0e2-44c2-a725-6db7cb30197d,183,share,2024-08-25 13:40:00
3a82e5cf-d0f4-4db7-865a-94696e30a619,183,retweet,2024-08-25 13:13:00
15948992-0304-432c-9847-249871b4170e,185,share,2024-08-25 16:22:00
63fc4bdc-c0ed-4149-9523-c498a629b61d,187,like,2024-08-25 11:02:00
af829a7d-fcda-456d-ba15-899304c02c3f,187,dislike,2024-08-25 10:33:00
24e1ca0f-091f-4deb-beec-d27e08161ed2,187,retweet,2024-08-25 10:40:00
c955850f-f4ba-4494-8ff3-9c74ea5de351,189,dislike,2024-08-25 17:12:00
8af4dec0-b547-48e3-ab59-19fbd6981446,191,like,2024-08-25 10:55:00
9be1188e-8bb6-44d6-b342-eecc7de5912f,191,retweet,2024-08-25 10:39:00
0b446e0a-41f7-477b-bae5-899290b305b6,191,retweet,2024-08-25 10:19:00
2a7108eb-ab36-41a3-8be0-8897a177d48c,191,dislike,2024-08-25 10:42:00
1f73b18c-9d4e-45c7-84b8-4106f54630ca,193,like,2024-08-25 13:17:00
95058850-8847-44c3-9273-fb20fee1a400,193,like,2024-08-25 13:39:00
7e1841b0-9259-4ea9-a972-b5fd36a3410a,195,share,2024-08-25 11:26:00
c7a57b59-e782-4144-b921-2c6afb3ba9ff,195,share,2024-08-25 11:40:00
0ad50de1-c595-467f-9a5b-ffd8202eca75,195,dislike,2024-08-25 11:24:00
056ae0d3-b717-4044-a787-18ac63d6792c,195,retweet,2024-08-25 10:58:00
04e1491b-1edc-4c02-adde-0d1bd0bf92a8,195,share,2024-08-25 11:43:00
fc5d2a31-9878-415a-9f6e-2c36a0428f3f,197,retweet,2024-08-25 15:13:00
f1ad00fd-1180-43b3-bff1-2049aa1cdc6f,197,dislike,2024-08-25 15:50:00
3fb50fd8-f9b5-473c-943a-1d8bf55be399,197,dislike,2024-08-25 15:50:00
602f69b1-c33f-4c35-a245-0f5e2f41320c,197,retweet,2024-08-25 15:04:00
009c77ac-37f7-46a9-a752-ace463dab3d0,197,retweet,2024-08-25 14:57:00
0fc486ec-f633-4f59-96c5-22baa0fbd1c0,199,like,2024-08-25 17:16:00
f112d095-e1a1-44a9-84de-b7588e78298c,199,dislike,2024-08-25 16:38:00
959aea3e-4044-48fb-86f2-3710de3d45a2,199,like,2024-08-25 17:05:00
dcab6d51-3f6d-449a-9b58-25e5c288ece4,199,like,2024-08-25 17:19:00
d6b1828c-f2c2-441d-91e6-d7c6ee534c60,201,share,2024-08-25 16:52:00
3b68dc4c-0fa4-463a-bb89-c72813489511,201,share,2024-08-25 17:47:00
81e59771-55bc-499e-8562-1918c0e0a946,201,like,2024-08-25 17:41:00
